"","ID","Description","GeneRatio","BgRatio","RichFactor","FoldEnrichment","zScore","pvalue","p.adjust","qvalue","geneID","Count"
"R-HSA-2428928","R-HSA-2428928","IRS-related events triggered by IGF1R","1/2","52/11214",0.0192307692307692,107.826923076923,10.3120674906111,0.00925303092630969,0.0224188016116929,NA,"IGF2",1
"R-HSA-2428924","R-HSA-2428924","IGF1R signaling cascade","1/2","53/11214",0.0188679245283019,105.792452830189,10.2129393046782,0.00943055233270174,0.0224188016116929,NA,"IGF2",1
"R-HSA-2404192","R-HSA-2404192","Signaling by Type 1 Insulin-like Growth Factor 1 Receptor (IGF1R)","1/2","54/11214",0.0185185185185185,103.833333333333,10.1165646357671,0.00960805783358265,0.0224188016116929,NA,"IGF2",1
"R-HSA-381426","R-HSA-381426","Regulation of Insulin-like Growth Factor (IGF) transport and uptake by Insulin-like Growth Factor Binding Proteins (IGFBPs)","1/2","125/11214",0.008,44.856,6.58524894343836,0.0221702939104591,0.0277164580571442,NA,"IGF2",1
"R-HSA-114608","R-HSA-114608","Platelet degranulation","1/2","129/11214",0.00775193798449612,43.4651162790698,6.47878679592719,0.0228756396937994,0.0277164580571442,NA,"IGF2",1
"R-HSA-76005","R-HSA-76005","Response to elevated platelet cytosolic Ca2+","1/2","134/11214",0.00746268656716418,41.8432835820896,6.35239555415718,0.0237569640489808,0.0277164580571442,NA,"IGF2",1
"R-HSA-76002","R-HSA-76002","Platelet activation, signaling and aggregation","1/2","262/11214",0.00381679389312977,21.4007633587786,4.46256660043907,0.0461834798334267,0.0461834798334267,NA,"IGF2",1
